Material,GR qty,GR value,Average Buying Price,Basic Price,Saving
sAS0000001sN014852390,4718846,6846071.171,1.45,3.12,7886544.24
sAS0000001sN014852395,98,234.348128,2.40,2.72,31.01
sAS0000001sN014852397,777040,1755901.546,2.26,3.97,1331048.78
sAS0000001sN01SLTSJ024X00,2272850,7054188.665,3.10,2.77,-765286.92
sCN0000003sN015651293,784650,1887913.855,2.41,0.19,-1738324.19
sCN0000003sN01SC201F021B0,771059,113952.4691,0.15,0.01,-105696.09
sCN0000003sN01SC222G024B0,12000,109.824,0.01,0.02,78.31
sCN0000003sN01SC222G044A2,23700,285.822,0.01,0.01,26.57
sCN0000003sN01SC222H024B6,72900,774.927,0.01,0.01,244.65
sCN0000003sN01SC247F064B0,291000,3391.605,0.01,0.06,13601.88
sCN0000003sN01SC247F064B3,50880,2496.844055,0.05,0.08,1395.15
sCN0000003sN01SC510K04951,3080,186.98372,0.06,0.01,-152.09
sCN0000003sN01SC533L02752,27600,262.7244,0.01,0.01,87.79
sCN0000003sN01SC533L04951,84000,867.3,0.01,0.01,71.56
sCN0000003sN01SC556L04958,42000,408.198,0.01,0.01,110.37
sCN0000003sN01SC556M02712,158000,1586.004,0.01,0.01,453.83
sCN0000003sN01SCX62M02900,27000,270.216,0.01,0.02,166.69
sCN0000003sN01SI022GX09B3,936,13.170456,0.01,0.03,19.22
sCN0000003sN01SI118I10153,23400,716.5548,0.03,0.01,-374.33
sCN0000003sN01SI4102205D3,28200,317.25,0.01,0.01,66.60
sCN0000003sN01SR000000231,254100,2834.9937,0.01,0.01,69.27
sCN0000003sN01SR000000630,279000,2847.195,0.01,0.01,410.06
sCN0000003sN01SR000130230,85500,875.6055,0.01,0.01,263.56
sCN0000003sN01SR000130431,231000,2423.421,0.01,0.01,287.90
sCN0000003sN01SR000230230,60000,623.22,0.01,0.01,165.78
sCN0000003sN01SR0010C0834,47400,506.7534,0.01,0.05,1856.00
sCN0000003sN01SR001200232,22500,926.91,0.04,0.01,-608.35
sCN0000003sN01SR001520230,21000,228.711,0.01,0.01,55.19
sCN0000003sN01SR001520452,105600,1160.6496,0.01,0.01,192.97
sCN0000003sN01SR001530431,21000,228.123,0.01,0.01,48.75
sCN0000003sN01SR002200252,23400,257.0958,0.01,0.01,70.65
sCN0000003sN01SR002220230,24300,272.2815,0.01,0.01,32.20
sCN0000003sN01SR002430230,48600,553.6026,0.01,0.01,161.60
sCN0000003sN01SR003320232,29700,341.4609,0.01,0.01,52.60
sCN0000003sN01SR003320431,86000,1000.926,0.01,0.01,284.54
sCN0000003sN01SR003600230,24000,278.088,0.01,0.01,35.99
sCN0000003sN01SR003930431,28200,335.4954,0.01,0.01,83.32
sCN0000003sN01SR004700253,21900,258.1353,0.01,0.01,46.84
sCN0000003sN01SR004720231,42600,511.413,0.01,0.02,142.95
sCN0000003sN01SR005100230,162000,1974.942,0.01,0.02,749.59
sCN0000003sN01SR0056C0830,7400,100.3662,0.01,0.03,141.78
sCN0000003sN01SR006200250,27900,742.2516,0.03,0.01,-354.62
sCN0000003sN01SR006230432,28800,357.264,0.01,0.01,38.72
sCN0000003sN01SR010030231,21600,267.5592,0.01,0.02,58.65
sCN0000003sN01SR010030432,48600,616.7826,0.01,0.02,153.99
sCN0000003sN01SR010500230,29100,366.2817,0.01,0.02,117.63
sCN0000003sN01SR012130230,54600,703.8486,0.01,0.01,90.58
sCN0000003sN01SR016920230,24300,315.6813,0.01,0.02,94.68
sCN0000003sN01SR020030251,27300,357.3843,0.01,0.01,43.31
sCN0000003sN01SR029420231,21300,279.1365,0.01,0.02,108.03
sCN0000003sN01SR0324A0230,936,13.502736,0.01,0.02,1.41
sCN0000003sN01SR033030431,45000,602.595,0.01,0.02,79.03
sCN0000003sN01SR039030230,28800,382.6656,0.01,0.02,83.13
sCN0000003sN01SR042220230,72900,990.7839,0.01,0.02,286.75
sCN0000003sN01SR043000231,29400,402.5154,0.01,0.02,120.52
sCN0000003sN01SR047000230,47400,653.6934,0.01,0.02,149.60
sCN0000003sN01SR047030231,47400,658.4334,0.01,0.02,137.72
sCN0000003sN01SR051110230,22500,314.9325,0.01,0.02,90.89
sCN0000003sN01SR063420230,28200,397.3662,0.01,0.02,74.85
sCN0000003sN01SR080610231,26700,378.8997,0.01,0.02,82.80
sCN0000043sN0102511X9,58800,840.3108,0.01,2.41,140585.72
sCN0000043sN0102511Z5,158571,305116.5575,1.92,2.46,85480.60
sCN0000043sN01MEARG61002A,15229,29307.07248,1.92,2.72,12189.57
sCN0000043sN01MEFRT61001A,364157,806714.1598,2.22,2.54,117460.92
sCN0000043sN01MEFRT61002A,115379,252426.0749,2.19,1.64,-63348.43
sCN0000043sN01MEFRT61007A,143574,189743.3927,1.32,0.73,-85445.45
sCN0000043sN01MEFRT61008A,23064,12987.82814,0.56,0.70,3263.92
sCN0010025sN016300103,86723,48887.36966,0.56,0.02,-46810.21
sCN0010025sN016300548,1877100,39438.534,0.02,0.03,7546.38
sCN0010025sN01W5101144031,14100300,309595.422,0.02,0.03,140690.23
sCN0010025sN01W5502144511,80911,1987.567236,0.02,0.03,69.72
sCN0010025sN01W6101143511,283100,6427.054,0.02,0.03,2418.71
sCN0010025sN01W6601143510,109333,2777.42538,0.03,0.03,536.24
sCN0011687sN016300103,759740,19349.69268,0.03,0.03,5049.46
sCN0011687sN016300548,157300,3946.6493,0.03,0.03,519.19
sCN0013336sN019411262,1185100,30040.7691,0.03,0.03,6964.12
sCN0013336sN019411263,663000,16831.1,0.03,0.03,5544.34
sCN0013336sN01MEFRT39002A,224480,6420.276,0.03,0.04,1540.23
sCN0013336sN01MENE13A002A,15200,452.96,0.03,0.03,33.43
sCN0014839sN0198570G8,429800,11181.64,0.03,0.97,405595.83
sCN0015628sN019463237,1020692,891680.8406,0.87,0.09,-799683.65
sCN0015628sN019503083,182427,13702.122,0.08,0.05,-4337.93
sCN0015628sN019503084,3044559,142073.4105,0.05,0.07,66200.92
sCN0015628sN019503485,2131054,113892.6866,0.05,0.06,18287.58
sCN0015628sN019503494,1888920,90124.396,0.05,0.06,30808.04
sCN0015628sN019503662,9200,494.96,0.05,0.07,179.85
sCN0015628sN019503719,263040,15686.016,0.06,0.06,-47.55
sCN0015628sN019907994,4771040,248817.264,0.05,0.05,12346.90
sCN0015628sN01MEARG23009B,2482350,122416.6704,0.05,0.12,184628.72
sCN0015628sN01MEARG23010A,110198,10566.2676,0.10,0.06,-3646.25
sCN0015628sN01MEARG23011A,172549,9182.5912,0.05,0.08,3911.45
sCN0015628sN01MEARG23012A,76440,4567.5,0.06,0.07,1141.86
sCN0015628sN01MEARG23013A,70980,4078.113,0.06,0.07,772.10
sCN0015628sN01MEARG23014A,119280,6367.696,0.05,0.06,870.81
sCN0016400sN012351048,104730,5432.082,0.05,0.05,-511.27
sCN0016400sN012351269,1024000,41122.56,0.04,0.05,6924.98
sCN0016400sN012351337,13196760,529240.0232,0.04,0.05,118488.21
sCN0016400sN012351338,12739080,500211.372,0.04,0.05,145487.60
sCN0016400sN012351339,8870360,394392.3004,0.04,0.05,55515.58
sCN0016400sN012351345,2361480,92134.7104,0.04,0.05,16166.83
sCN0016400sN012351546,129654000,4834272.87,0.04,0.05,2202966.53
sCN0016400sN012351555,35714550,1602050.559,0.04,0.05,73130.85
sCN0016400sN013203775,25914300,988214.07,0.04,0.05,267022.79
sCN0016400sN01SC201F024B0,1440720,59645.808,0.04,0.05,8240.74
sCN0016400sN01SC201F025B5,6326400,248415.99,0.04,0.04,36153.83
sCN0016400sN01SC201F045A6,265300,10654.95,0.04,0.04,1134.98
sCN0016400sN01SC201F069A0,47400,1914.96,0.04,0.05,343.14
sCN0016400sN01SC210F044B0,2002160,85161.9288,0.04,0.05,24097.38
sCN0016400sN01SC210F064B5,163100,7177.81,0.04,0.05,1528.79
sCN0016400sN01SC222F064B0,135000,5859,0.04,0.06,1885.62
sCN0016400sN01SC222G044A7,8414560,395674.128,0.05,0.05,64566.45
sCN0016400sN01SC222G045B0,230600,10090.27,0.04,0.06,3375.53
sCN0016400sN01SC247G049B0,2665550,119733.717,0.04,0.06,51154.27
sCN0016600sN01MEFRT23012A,737601,39080.55086,0.05,0.10,32885.33
sCN0016600sN01MEFRT23013A,44348,3489.46176,0.08,0.08,207.98
sCN0016600sN01MEFRT23014A,48135,3344.311856,0.07,0.09,1084.21
sCN0016600sN01MEFRT23015A,47295,3751.039382,0.08,0.08,-105.06
sCN0016925sN016300103,41606,2915.872008,0.07,0.06,-334.24
sCN0016925sN016300548,389600,19185.94,0.05,0.06,4051.57
sCN0016925sN016300740,1256800,62467.7,0.05,0.06,14391.26
sCN0017503sN012351548,4378300,219469.42,0.05,0.06,49183.07
sCN0018146sN019795658,34965000,1650348,0.05,0.16,4095963.70
sCN0018146sN019795659,165300,21908.206,0.13,0.14,1023.67
sCN0018146sN019795660,919120,109921.0808,0.12,0.14,14240.62
sCN0018146sN019795661,2738800,298369.256,0.11,0.14,88787.51
sCN0018146sN01MEARG16001A,13320,1651.68,0.12,0.24,1497.10
sCN0018726sN015400572,501795,102260.151,0.20,0.09,-59553.30
sCN0018726sN015400588,316225,22427.7755,0.07,0.08,3000.24
sCN0019351sN019411320,311800,21069.07,0.07,0.07,469.18
sCN0019658sN01670825,1612350,86338.395,0.05,1.94,3040066.30
sCN0019658sN01670831,73000,111456.4,1.53,1.68,11117.73
sCN0019658sN01670833,1600416,2220871.724,1.39,1.82,688892.46
sCN0019658sN01BPARG00002B,3430000,5111627.5,1.49,2.91,4865708.84
sCN0019658sN01BPARG00003B,14380,32425.723,2.25,2.89,9088.96
sCN0019951sN015469886,342632,772788.7964,2.26,0.16,-719573.42
sCN0020255sN019503485,327789,42074.4258,0.13,0.10,-10730.86
sCN0020255sN019503719,1120490,87107.763,0.08,0.10,29835.95
sCN0020255sN01MEARG23001B,1190894,95609.00664,0.08,0.14,73428.95
sCN0020255sN01MEARG23002A,95090,11635.575,0.12,0.10,-1867.57
sCN0020255sN01MEARG23003A,125900,10103.844,0.08,0.10,2411.72
sCN0020255sN01MEARG23004A,117340,10232.126,0.09,0.11,2725.67
sCN0020255sN01MEARG23005A,88700,7534.69,0.08,0.10,1606.14
sCN0020255sN01MEARG23006A,142620,11482.39,0.08,0.10,2376.00
sCN0020255sN01MEARG23007A,45030,3557.37,0.08,0.11,1355.31
sCN0020356sN019463246,4950,473.715,0.10,0.72,3113.31
sCN0020356sN019463252,271730,169749.604,0.62,0.74,30892.23
sCN0020868sN01670845,338000,211504,0.63,1.59,326318.24
sCN0020868sN01670848,2220000,3153966,1.42,1.49,153918.36
sCN0020868sN01670849,441247,534532.3562,1.21,1.49,123343.42
sCN0022411sN015140082,4605300,5582322.78,1.21,0.15,-4878029.70
sCN0022411sN015140494,10071960,1294382.18,0.13,0.44,3103910.72
sCN0022411sN015140635,319352,115253.5802,0.36,0.48,36782.85
sCN0022416sN01MEARG61019A,718432,265139.2172,0.37,1.39,731957.56
sCN0022446sN0198570K1,106250,121869.551,1.15,0.38,-81003.14
sCN0022446sN0198570K3,731010,223146.63,0.31,1.11,584788.71
sCN0022446sN0198570L5,434200,436265.05,1.00,1.18,74367.88
sCN0022446sN01SB0ARGDX00B,254160,255470.256,1.01,0.66,-88402.43
sCN0022446sN01SB0ARGMX00B,478650,271234.983,0.57,1.23,319463.24
sCN0022446sN01SB0FRT1B00B,523920,517252.461,0.99,1.44,237368.38
sCN0022446sN01SB0FRTABW0C,16400,21280.64,1.30,0.35,-15540.52
sCN0025343sN019795662,22417,6763.95096,0.30,0.17,-2973.94
sCN0025810sN01MEARG61020A,1198880,157124.7312,0.13,1.39,1515236.44
sCN0028242sN019374158,40100,45477.19,1.13,0.09,-41986.87
sCN0028242sN019376556,1295000,98874.7,0.08,0.11,42476.38
sCN0028242sN019376557,299600,25749.42,0.09,0.11,8074.22
sCN0028242sN0196039N4,160000,14112,0.09,0.27,29637.23
sCN0028242sN0196039N6,9302,2051.27424,0.22,0.24,223.27
sCN0028242sN0196039N7,104551,21664.40184,0.21,0.24,3742.99
sCN0028242sN0196039N8,153499,31346.58624,0.20,0.28,10919.59
sCN0028242sN0196039P0,30283,6514.46352,0.22,0.26,1507.44
sCN0028242sN0196039P1,53419,11230.58184,0.21,0.27,3027.47
sCN0028242sN0196039P3,8410,1824.87456,0.22,0.24,198.78
sCN0028242sN0196039P6,82124,16890.71994,0.21,0.27,5029.02
sCN0028242sN0196039P7,66756,14141.08968,0.21,0.27,3599.86
sCN0028242sN0196039Q0,84851,17755.86734,0.21,0.38,14433.11
sCN0028242sN0196039Q1,17909,6120.5664,0.34,0.38,734.58
sCN0028242sN0196039Q2,287266,84584.49372,0.29,0.42,35589.62
sCN0028242sN0196039Q3,2016,691.2864,0.34,0.15,-398.22
sCN0028242sN0196039Q4,222621,27898.80888,0.13,0.16,8201.71
sCN0028242sN0196039Q5,58950,8240.8725,0.14,0.37,13691.70
sFI0010001sN01675791,267289,88005.3273,0.33,1.27,251474.06
sFI0010001sN01675792,3649546,3708177.047,1.02,1.25,865066.11
sFI0010001sN01675793,2384332,2532037.575,1.06,1.54,1146338.44
sFI0010001sN01PKNE102003U,1063070,1291361.316,1.21,1.60,409838.30
sHK0000022sN0198570J0,17549,24633.6291,1.40,1.11,-5210.56
sHK0000022sN0198570J1,1562500,1330315.13,0.85,1.11,400544.29
sHK0000022sN0198570K4,356668,303921.9231,0.85,1.21,128132.74
sHK0000022sN0198570L2,1915800,1841851.93,0.96,0.94,-40721.52
sHK0000022sN0198570L8,1812000,1456019.94,0.80,1.01,369570.09
sHK0000022sN0198570M5,8175484,6864000.263,0.84,1.04,1637445.03
sHK0000022sN0198570M8,1147200,962048,0.84,1.04,233938.92
sHK0000022sN0198570N0,164700,138471.12,0.84,0.98,22585.72
sHK0010016sN01SI106J1080X,960,782.304,0.81,0.11,-675.67
sHK0010016sN01SI109J1070X,1676700,152662.155,0.09,0.11,31739.41
sHK0010016sN01SI115I1045X,549900,49981.305,0.09,0.11,8432.24
sHK0010016sN01SI116J1070X,731100,66949.695,0.09,0.11,11614.49
sHK0010016sN01SI126J1066X,691500,63511.7595,0.09,0.11,15559.49
sHK0010016sN01SI139J1066X,1181100,108915.927,0.09,0.10,12457.76
sHK0010016sN01SI215G009BX,6056550,560712.435,0.09,0.15,363638.23
sHK0010016sN01SI4102205DX,407640,47856.936,0.12,0.11,-4863.26
sHK0010165sN01PKE1M15008A,5488900,507818.2407,0.09,0.16,348346.37
sHK0010165sN01PKNE115003A,5940,819.936,0.14,0.14,3.22
sHK0010165sN01PKNE115030A,27230,2971.261,0.11,0.17,1672.40
sHK0010165sN01PKNE115036A,11710,1650.383,0.14,0.13,-131.24
sHK0010210sN012351400,57490,6429.473,0.11,1.14,58973.11
sHK0010210sN014210232,637000,614129.6,0.96,1.10,87586.10
sHK0010210sN015400693,2625240,2605360.32,0.99,0.16,-2181456.52
sHK0010210sN015469G58,6958200,936297.7,0.13,0.17,256420.65
sHK0010210sN015469G62,186416,28530.288,0.15,0.26,20413.96
sHK0010210sN015469G73,1392000,299569.68,0.22,0.15,-85314.63
sHK0010210sN01670619,9235845,1155748.55,0.13,1.38,11572753.72
sHK0010210sN01670710,5002483,6267489.351,1.25,1.78,2656713.02
sHK0010210sN019794T82,1632449,2489072.513,1.52,1.39,-224449.24
sHK0010210sN019794T83,58665,67819.436,1.16,1.43,15949.17
sHK0010210sN019794V48,106487,123621.403,1.16,1.33,17901.05
sHK0010210sN019794V66,68574,79943.544,1.17,1.29,8356.51
sHK0010210sN019794V70,101532,118853.441,1.17,1.38,20835.97
sHK0010210sN019794V80,47393,55729.979,1.18,1.41,11034.27
sHK0010210sN01MEARG14006A,89035,105400.718,1.18,0.53,-57989.81
sHK0010210sN01MEARG36005A,121090,54184.974,0.45,0.16,-34478.97
sHK0010210sN01MEE1M42003A,104000,13987.44,0.13,0.18,4411.62
sHK0010210sN01MEE1M47006A,674728,102904.16,0.15,0.19,23738.54
sHK0010210sN01MEFRT4B001A,379792,55259.53085,0.15,0.18,13190.15
sHK0010210sN01MEZL322001A,54334,8589.96672,0.16,0.13,-1410.21
sHK0010210sN01SC201F069A0,398700,47040.03,0.12,1.24,446261.51
sHK0010210sN01SC247H024B4,112480,118947.6,1.06,1.22,18779.94
sHK0010239sN01MEFH249001A,211650,225354.3375,1.06,0.18,-187153.23
sHK0010242sN015469G75,83600,11788.376,0.14,0.14,310.94
sHK0010242sN015469G76,2823456,361623.8448,0.13,0.20,193380.98
sHK0010242sN015469G78,5655860,896587.535,0.16,0.19,163440.81
sHK0010242sN01MEARG42003A,403240,59043.5504,0.15,0.20,23471.39
sHK0010242sN01MEARG47005A,302340,47959.5252,0.16,0.26,29583.44
sHK0010242sN01MEFRT44001A,538088,122129.8064,0.23,0.18,-23163.07
sHK0010242sN01MEFRT46001A,117541,16889.4442,0.14,0.21,7742.29
sHK0010242sN01MERET44003A,124932,20295.0216,0.16,0.16,17.47
sHK0010242sN01MERET46003A,295324,42871.6523,0.15,0.17,7133.66
sHK0010242sN01MERET47004A,357680,51763.809,0.14,0.20,20767.53
sHK0010299sN014210285,131036,20922.7092,0.16,1.05,117152.44
sHK0010299sN01SA0H1902080,4322730,3530964.072,0.82,0.20,-2659145.84
sHK0010300sN01SA0LS0390A0,434610,67948.182,0.16,0.31,66584.12
sHK0010300sN01SE06010DCX0,70005,18521.2395,0.26,0.16,-7049.36
sHK0010312sN011825004,106300,15836.02,0.15,0.14,-1193.60
sHK0010312sN013200009,1923750,232446.7125,0.12,0.13,21832.66
sHK0010312sN013203775,103645000,12231869.31,0.12,0.15,3397813.40
sHK0010312sN013640521,11138240,1312225.303,0.12,0.13,175727.13
sHK0010312sN013640523,1664700,196802.229,0.12,0.13,21840.84
sHK0010312sN013640530,5864250,693887.775,0.12,0.14,141693.77
sHK0010312sN013640533,700350,83159.19,0.12,0.15,21955.84
sHK0010312sN013640535,693000,82549.11,0.12,0.15,22512.55
sHK0010312sN013640537,4932900,588856.68,0.12,0.13,71915.14
sHK0010312sN013640542,1129950,135142.02,0.12,0.15,29869.10
sHK0010312sN013640585,111600,13358.52,0.12,0.14,1814.32
sHK0010312sN013641035,1295700,155893.719,0.12,0.16,44964.79
sHK0010312sN013641037,261450,31418.4465,0.12,0.14,4113.94
sHK0010312sN013641038,130500,15695.235,0.12,0.14,2526.38
sHK0010312sN013641041,56250,6770.8125,0.12,0.15,1767.50
sHK0010312sN013641042,64500,7770.315,0.12,0.15,1821.61
sHK0010312sN013641047,71250,9134.25,0.13,0.15,1315.35
sHK0010312sN013641048,65800,8465.17,0.13,0.14,832.43
sHK0010312sN013641049,225000,27173.25,0.12,0.14,3285.99
sHK0010312sN013641050,237000,28646.19,0.12,0.15,7204.51
sHK0010312sN013641054,128250,15520.1775,0.12,0.14,2514.92
sHK0010312sN01S09310A2000,223200,27058.104,0.12,0.19,15604.55
sHK0010312sN01SF1X06050A4,96600,16340.01,0.17,0.22,5167.06
sHK0010312sN01SI102I1076F,83400,14283.24,0.17,0.14,-2447.36
sHK0010312sN01SI122J1070F,617400,75534.12,0.12,0.15,16069.50
sHK0010312sN01SI125J1060F,876750,114108.225,0.13,0.15,13841.16
sHK0010312sN01SI201FX49BF,22500,2931.75,0.13,0.17,888.01
sHK0010312sN01SI247GX79BF,79800,11578.98,0.15,0.19,3448.94
sHK0010312sN01SI333HX09BF,78240,11511.048,0.15,0.20,3890.17
sHK0010312sN01SI347HX29BF,76500,13445.277,0.18,0.21,2479.00
sHK0010312sN01SI4121226DF,125790,21116.538,0.17,0.15,-2002.52
sHK0010312sN01SI4300309EF,465500,58457.49,0.13,0.16,15294.06
sHK0010312sN01SR210030431,937960,117941.1184,0.13,0.15,22221.50
sHK0010508sN011410009,152800,19855.16,0.13,0.15,2900.22
sHK0010508sN011410052,3505800,438733.548,0.13,0.16,117322.44
sHK0010508sN011410140,180000,22480.2,0.12,0.16,6101.39
sHK0010508sN011410142,509050,65715.7015,0.13,0.15,9675.52
sHK0010508sN011410149,567300,71201.823,0.13,0.16,18691.17
sHK0010508sN011419045,275900,34697.184,0.13,0.15,5490.41
sHK0010508sN011419069,3120000,391775.2,0.13,0.16,95546.01
sHK0010508sN011419079,7160400,901937.244,0.13,0.16,209436.16
sHK0010508sN011419081,244000,30789.84,0.13,0.15,6200.53
sHK0010508sN011419087,9383900,1185498.319,0.13,0.15,215347.16
sHK0010508sN011419100,4287200,542373.672,0.13,0.16,151480.50
sHK0010508sN011419107,1695000,214315.8,0.13,0.15,32673.67
sHK0010508sN011419117,7744400,981292.924,0.13,0.14,138263.87
sHK0010508sN011419120,10857600,1376852.256,0.13,0.14,153502.58
sHK0010508sN011430006,192000,24380.16,0.13,0.16,6833.82
sHK0010508sN011430010,223600,28399.436,0.13,0.14,2876.25
sHK0010508sN011430040,26105200,3319474.412,0.13,0.15,701903.73
sHK0010508sN011430084,3038400,386818.704,0.13,0.15,73857.12
sHK0010508sN011430144,1778400,226585.944,0.13,0.16,63557.88
sHK0010508sN011430145,224200,28576.532,0.13,0.15,5709.93
sHK0010508sN011430443,1003200,127847.808,0.13,0.14,14363.92
sHK0010508sN011430690,2583000,329874.93,0.13,0.16,95263.88
sHK0010508sN011430700,7530000,960752.7,0.13,0.16,243859.05
sHK0010508sN011430710,41000,5247.18,0.13,0.16,1406.85
sHK0010508sN011430716,792000,101209.68,0.13,0.15,14271.03
sHK0010508sN011430718,4883900,624663.571,0.13,0.16,144798.29
sHK0010508sN011430722,1986600,254463.594,0.13,0.15,35899.77
sHK0010508sN011430726,2430400,311604.916,0.13,0.14,34795.63
sHK0010508sN011430730,34670000,4451759.3,0.13,0.15,809574.55
sHK0010508sN011430746,22720400,2921971.556,0.13,0.14,355867.34
sHK0010508sN011430754,1155000,148776.93,0.13,0.14,16594.70
sHK0010508sN011430758,13932100,1797101.579,0.13,0.17,505241.59
sHK0010508sN011430764,21409500,2764076.305,0.13,0.17,834368.23
sHK0010508sN011430770,1572500,203308.525,0.13,0.14,24573.14
sHK0010508sN011430778,2044000,264473.16,0.13,0.15,42552.81
sHK0010508sN011430796,2934600,380001.354,0.13,0.17,110893.42
sHK0010508sN011430820,503200,65251.488,0.13,0.16,17047.95
sHK0010508sN011430879,7394800,959869.402,0.13,0.15,145993.36
sHK0010508sN011433001,18600,2418.744,0.13,0.16,562.49
sHK0010508sN011438701,18794100,2449059.171,0.13,0.16,469123.29
sHK0010508sN011438753,414000,54018.72,0.13,0.16,14060.52
sHK0010508sN011825242,3249500,424092.245,0.13,0.16,86384.65
sHK0010508sN012320516,52166500,6886590.95,0.13,0.17,1890401.81
sHK0010508sN012320518,262700,34530.6015,0.13,0.17,10047.76
sHK0010508sN012320560,243600,32044.362,0.13,0.15,5473.19
sHK0010508sN012320752,7338000,965937.57,0.13,0.15,117769.97
sHK0010508sN012322001,96000,12658.656,0.13,0.15,2169.62
sHK0010508sN012322005,1194000,157629.672,0.13,0.15,19276.42
sHK0010508sN012322007,1447200,191447.1936,0.13,0.16,37720.41
sHK0010508sN012322017,1365150,183198.975,0.13,0.15,20608.43
sHK0010508sN012322021,7372650,982754.8352,0.13,0.16,228629.13
sHK0010508sN012322029,534000,71333.634,0.13,0.17,20947.96
sHK0010508sN012351009,3674500,492246.1995,0.13,0.16,102897.87
sHK0010508sN012351017,34947000,4921935.48,0.14,0.15,361934.11
sHK0010508sN012351107,3517100,479075.4635,0.14,0.16,74717.32
sHK0010508sN012351528,1103250,149754.0308,0.14,0.18,48241.35
sHK0010508sN012351538,552760,89370.614,0.16,0.17,6629.34
sHK0010508sN01SC201F045A7,1676700,229290.488,0.14,0.18,71546.18
sHK0010508sN01SC247H024B4,79000,11430.91,0.14,0.17,1670.99
sHK0010508sN01SC533L04951,529800,74462.43,0.14,0.16,9567.47
sHK0010508sN01SR000000453,123200,17140.668,0.14,0.17,3378.05
sHK0010508sN01SR001000253,913500,126784.665,0.14,0.18,36458.52
sHK0010508sN01SR001030253,457600,63885.536,0.14,0.17,12557.46
sHK0010508sN01SR075000251,885600,123284.376,0.14,0.17,29698.06
sHK0010529sN011410009,574000,79963.94,0.14,0.17,20196.62
sHK0010529sN011410052,8569800,1196314.924,0.14,0.17,289702.11
sHK0010529sN011419045,36400,5090.176,0.14,0.17,1078.76
sHK0010529sN011419069,5904000,826932.144,0.14,0.16,135995.61
sHK0010529sN011419081,9647850,1356500.35,0.14,0.17,235927.27
sHK0010529sN011419087,17448000,2461438.278,0.14,0.18,627390.03
sHK0010529sN011419107,5775750,817987.167,0.14,0.17,167610.13
sHK0010529sN011419117,23685300,3368129.357,0.14,0.19,1036820.81
sHK0010529sN011419120,55210800,7898466.815,0.14,0.18,1784151.37
sHK0010529sN011430010,385200,55372.638,0.14,0.17,11285.95
sHK0010529sN011430040,15879600,2289961.378,0.14,0.19,677739.42
sHK0010529sN011430145,10410750,1508248.362,0.14,0.18,412502.85
sHK0010529sN011430443,6561100,953151.7171,0.15,0.19,283398.64
sHK0010529sN011430690,7166400,1046999.528,0.15,0.17,148553.78
sHK0010529sN011430700,14660000,2145344.4,0.15,0.18,453114.13
sHK0010529sN011430710,126000,18457.25,0.15,0.18,4646.51
sHK0010529sN011430718,3654000,536007.29,0.15,0.18,135351.28
sHK0010529sN011430722,21252000,3123746.52,0.15,0.16,353442.62
sHK0010529sN011430726,2818400,415439.856,0.15,0.17,68074.32
sHK0010529sN011430730,74954600,11085285.55,0.15,0.18,2080384.58
sHK0010529sN011430746,69229900,10305198.84,0.15,0.19,2836339.30
sHK0010529sN011430758,681100,101802.784,0.15,0.19,24800.97
sHK0010529sN011430770,45497800,6820314.602,0.15,0.17,923088.51
sHK0010529sN011430778,2360200,355477.268,0.15,0.18,65057.13
sHK0010529sN011430796,34977400,5281511.576,0.15,0.18,862982.27
sHK0010529sN011430820,97900,14825.976,0.15,0.17,1938.44
sHK0010529sN011438701,2145000,325053.3,0.15,0.18,52698.14
sHK0010529sN011438753,2240300,340115.972,0.15,0.19,83739.75
sHK0010529sN012320518,4020300,613406.8818,0.15,0.18,91817.43
sHK0010529sN012320520,3055200,470114.46,0.15,0.20,139984.54
sHK0010529sN012320544,21300,3297.24,0.15,0.20,900.84
sHK0010529sN012320546,615100,95458.23,0.16,0.17,11699.42
sHK0010529sN012320560,583600,90776.77,0.16,0.19,21968.41
sHK0010529sN012320752,23556000,3669970.44,0.16,0.20,1106972.37
sHK0010529sN012322001,863200,134653.168,0.16,0.19,29082.67
sHK0010529sN012322005,9761100,1530191.22,0.16,0.20,430266.13
sHK0010529sN012322007,15882300,2511703.155,0.16,0.18,346701.69
sHK0010529sN012322013,33301200,5303856.735,0.16,0.21,1576500.84
sHK0010529sN012351009,2063700,330527.79,0.16,0.21,106770.24
sHK0010529sN012351017,155400,25330.2,0.16,0.20,5114.92
sHK0010529sN012351178,246400,39568.312,0.16,0.18,5484.19
sHK0010529sN012351257,12372300,2001936.21,0.16,0.20,460383.54
sHK0010529sN012351462,64821600,10488385.5,0.16,0.20,2205919.40
sHK0010529sN01S092G5WM000,1084350,176960.94,0.16,0.24,78146.45
sHK0010529sN01S0958Q1C000,84640,15803.696,0.19,0.26,5961.99
sHK0010529sN01S0988Q1C000,230720,46717.352,0.20,0.23,5852.91
sHK0010529sN01S09P1608000,208240,40210.272,0.19,0.21,4332.26
sHK0010529sN01SC210H025A4,63000,11718,0.19,0.21,1257.87
sHK0010529sN01SC210J027A2,43326000,7138954.725,0.16,0.19,1244645.40
sHK0010529sN01SC222I024A4,3412500,569241.6,0.17,0.20,97152.52
sHK0010529sN01SC247H045A1,1183950,201045.342,0.17,0.19,28037.03
sHK0010529sN01SC310I025A4,10000,1712.3,0.17,0.22,442.35
sHK0010529sN01SC347K027A1,7520100,1296251.895,0.17,0.22,354283.81
sHK0010529sN01SC368K027A1,361350,62944.65,0.17,0.20,8885.78
sHK0010529sN01SC505M02910,720750,126790.47,0.18,0.21,24886.25
sHK0010529sN01SC510K02951,521250,92960.475,0.18,0.22,23355.97
sHK0010529sN01SC510L02757,13625250,2451985.193,0.18,0.22,580264.09
sHK0010529sN01SC512L02954,392250,70970.565,0.18,0.21,12043.62
sHK0010529sN01SC515L02757,5461500,996421.95,0.18,0.21,150569.66
sHK0010529sN01SC518L02953,4777650,880152.21,0.18,0.22,173483.25
sHK0010529sN01SC522K04954,2471400,461888.43,0.19,0.24,133442.62
sHK0010529sN01SC522L02758,854300,160774.04,0.19,0.23,35634.63
sHK0010529sN01SC527L02953,6331650,1203044.745,0.19,0.24,298418.17
sHK0010529sN01SC533L02758,467700,89442.39,0.19,0.23,19850.64
sHK0010529sN01SC533L04957,26697750,5156017.335,0.19,0.22,818672.14
sHK0010529sN01SC533M02915,107800,20977.88,0.19,0.25,5757.26
sHK0010529sN01SC556L02952,400200,78151.446,0.20,0.23,12748.02
sHK0010529sN01SC582L02953,176400,34540.2,0.20,0.24,8325.06
sHK0010529sN01SC582M02710,293250,57934.8375,0.20,0.24,13143.08
sHK0010529sN01SF05506T0A0,478500,95064.585,0.20,0.29,41646.58
sHK0010529sN01SF1118420A0,373600,89697.83,0.24,0.29,18510.52
sHK0010529sN01SF1209420A0,358150,87170.975,0.24,0.30,18879.04
sHK0010529sN01SF1X16080A0,351600,83288.425,0.24,0.25,3304.79
sHK0010529sN01SF1X1T760A0,207840,46534.112,0.22,0.26,7340.09
sHK0010529sN01SF1X20120A0,73080,16472.232,0.23,0.26,2648.80
sHK0010529sN01SF1X21400A0,222220,50558.944,0.23,0.29,12956.98
sHK0010529sN01SR0000002X3,329450,78470.735,0.24,0.23,-2531.55
sHK0010529sN01SR0000006X0,48283200,9762647.479,0.20,0.23,1188026.81
sHK0010529sN01SR000130257,2754000,557687.268,0.20,0.24,95621.80
sHK0010529sN01SR000210250,8558100,1735186.849,0.20,0.25,438507.63
sHK0010529sN01SR001330231,1295850,263309.0976,0.20,0.25,55976.80
sHK0010529sN01SR002030254,13800,2810.0802,0.20,0.24,536.91
sHK0010529sN01SR002210250,906750,184805.778,0.20,0.24,35485.18
sHK0010529sN01SR002220255,259200,52917.2352,0.20,0.24,7997.56
sHK0010529sN01SR003300252,1291500,263927.349,0.20,0.26,74526.91
sHK0010529sN01SR004730256,1021200,209077.0734,0.20,0.23,21266.43
sHK0010529sN01SR005100255,360000,73820.16,0.21,0.23,10440.53
sHK0010529sN01SR010000258,2395800,491890.2648,0.21,0.23,50104.93
sHK0010529sN01SR010030232,6286500,1292888.619,0.21,0.25,261361.66
sHK0010529sN01SR010040250,3744000,771376.896,0.21,0.25,178454.78
sHK0010529sN01SR020000233,849600,175234.7376,0.21,0.26,42457.39
sHK0010529sN01SR030000252,842400,174070.3896,0.21,0.23,19398.51
sHK0010529sN01SR039210231,2396250,495794.79,0.21,0.26,134852.27
sHK0010533sN011825242,198000,41031.342,0.21,0.27,11746.99
sHK0010560sN014858706,29164000,6073339.6,0.21,0.87,19379084.01
sHK0010560sN01SA050568130,398728,313498.833,0.79,0.33,-183157.40
sHK0010584sN01MEARG36003A,74760,20536.572,0.27,0.29,1394.83
sHK0010584sN01MEFRT36001A,163910,39739.0292,0.24,0.27,5202.33
sHK0010584sN01MEFRT36002A,55500,12680.97,0.23,0.29,3439.07
sHK0010718sN015469C50,58600,13837.752,0.24,0.31,4268.29
sHK0010718sN015469D57,4633080,1145211.623,0.25,0.33,366057.42
sHK0010718sN015469G67,153960,44839.614,0.29,0.27,-2781.78
sHK0011306sN01SA0TQ32A010,1319400,324707.622,0.25,9.03,11591001.32
sHK0011418sN019265290,52550000,373690800,7.11,0.24,-361262315.28
sHK0011418sN019266199,179866,38672.37888,0.22,0.28,11699.54
sHK0011418sN019266200,6077,1519.488,0.25,0.32,448.56
sHK0011418sN019266204,9562,2400.49728,0.25,0.33,722.79
sHK0011418sN019266205,10411,2616.0048,0.25,0.29,422.68
sHK0011418sN019266206,11534,2902.1616,0.25,0.30,553.57
sHK0011418sN019266208,1325,336.36672,0.25,0.30,64.44
sHK0011418sN019266209,6077,1532.07648,0.25,0.28,177.94
sHK0011418sN019266211,3845,901.6056,0.23,0.46,854.19
sHK0011418sN019266213,5318,1897.4496,0.36,0.40,233.06
sHK0011418sN019266217,48026,16876.05248,0.35,0.31,-2022.65
sHK0011418sN019266218,1440,394.128,0.27,0.26,-17.71
sHK0011418sN019266219,70656,16201.17504,0.23,0.31,5810.82
sHK0011418sN019266220,4589,1171.78944,0.26,0.29,163.32
sHK0011418sN019266221,5688,1439.064,0.25,0.29,221.89
sHK0011418sN019266222,4176,1069.67808,0.26,0.31,208.80
sHK0011418sN019266223,54374,13757.57184,0.25,0.31,2938.74
sHK0011418sN019266230,4858,1147.3728,0.24,0.30,303.61
sHK0011418sN019266283,2246,599.11488,0.27,0.28,31.72
sHK0011418sN019266284,1301580,302075.8308,0.23,0.27,52123.91
sHK0011418sN019266286,54374,12646.95552,0.23,0.26,1731.81
sHK0011418sN019266287,30413,7311.23712,0.24,0.28,1268.10
sHK0011418sN019266288,46080,10568.2944,0.23,0.25,846.64
sHK0011418sN019266289,23347,5257.78944,0.23,0.29,1579.65
sHK0011418sN019266293,188095,42373.26392,0.23,0.26,6939.61
sHK0011418sN019266295,300172,69031.65432,0.23,0.31,23948.60
sHK0011418sN019266296,1426,371.08368,0.26,0.33,99.57
sHK0011418sN019266297,3187,828.53568,0.26,0.31,166.23
sHK0011418sN019266298,5078,1354.73376,0.27,0.44,887.03
sHK0011418sN019266299,2419,897.40544,0.37,0.45,179.91
sHK0011418sN019266303,1101,408.50688,0.37,0.48,117.85
sHK0011418sN019266306,19392,8353.63072,0.43,0.31,-2261.44
sHK0011418sN019266307,8640,2261.952,0.26,0.32,532.47
sHK0011418sN019266308,2779,730.79136,0.26,0.32,165.78
sHK0011418sN019266310,8424,2209.41504,0.26,0.33,594.66
sHK0011418sN019266311,1766,462.97344,0.26,0.29,47.46
sHK0011418sN019266312,1037,272.36736,0.26,0.32,58.89
sHK0011418sN019266313,6739,1779.46128,0.26,0.29,162.64
sHK0011418sN019266314,38074,9220.18464,0.24,0.31,2759.11
sHK0011418sN019266316,3816,1008.94752,0.26,0.31,163.52
sHK0011418sN019266319,247709,58545.22032,0.24,0.42,44646.05
sHK0011418sN019266320,1280,480.384,0.38,0.46,110.98
sHK0011418sN019266321,9702,3644.3232,0.38,0.31,-645.79
sHK0011418sN019266323,188179,44736.10416,0.24,0.28,8465.82
sHK0011418sN019266324,25363,6128.77824,0.24,0.32,1992.03
sHK0011418sN019266328,29683,7986.54336,0.27,0.35,2360.64
sHK0011418sN019266329,13637,3656.62656,0.27,0.29,244.77
sHK0011418sN019266330,49637,12137.39136,0.24,0.30,2824.90
sHK0011418sN019266331,4910,1321.57872,0.27,0.33,280.84
sHK0011418sN019266332,41242,10352.67408,0.25,0.32,2685.20
sHK0011418sN019266366,2390,645.88608,0.27,0.30,79.54
sHK0011418sN019266367,1238,338.57856,0.27,0.30,29.15
sHK0011418sN019266368,3302,891.46752,0.27,0.33,195.94
sHK0011418sN019266369,9638,2666.99136,0.28,0.48,1956.98
sHK0011418sN019266371,2022,770.02752,0.38,0.50,231.40
sHK0011418sN019266372,1216,463.1744,0.38,0.48,125.21
sHK0011418sN019266373,998,380.3904,0.38,0.49,106.43
sHK0011418sN019266375,3283,1416.72384,0.43,0.32,-355.13
sHK0011418sN019266377,1339,340.96032,0.25,0.33,104.75
sHK0011418sN019266379,3427,934.956,0.27,0.32,178.29
sHK0011418sN019266380,130824,35412.54912,0.27,0.33,7785.07
sHK0011418sN019266381,3874,1057.06512,0.27,0.36,318.18
sHK0011418sN019266382,1051,287.08272,0.27,0.35,77.04
sHK0011418sN019266383,2822,769.80864,0.27,0.29,55.61
sHK0011418sN019266384,4968,1274.48208,0.26,0.33,350.41
sHK0011418sN019266385,2419,664.91568,0.27,0.29,26.04
sHK0011418sN019266386,17050,4309.35552,0.25,0.35,1638.72
sHK0011418sN019266387,1051,288.76464,0.27,0.51,248.31
sHK0011418sN019266388,4070,1624.70656,0.40,0.49,365.69
sHK0011418sN019266391,14573,6478.18752,0.44,0.33,-1612.99
sHK0011418sN019266394,10613,2928.20976,0.28,0.44,1705.35
sHK0011418sN019266395,12576,4859.02528,0.39,0.28,-1380.55
sHK0011418sN019266396,180547,45398.84832,0.25,0.32,12224.99
sHK0011418sN019266398,18106,5024.8896,0.28,0.31,622.96
sHK0011418sN019266399,10469,2915.7408,0.28,0.35,726.11
sHK0011418sN019266400,8947,2490.01728,0.28,0.36,752.11
sHK0011418sN019266401,19085,5319.7056,0.28,0.32,736.93
sHK0011418sN019266402,54734,14008.20768,0.26,0.33,3914.69
sHK0011418sN019266403,10901,2855.592,0.26,0.34,805.92
sHK0011418sN019266404,9173,2407.0968,0.26,0.35,844.65
sHK0011418sN019266406,2362,664.43184,0.28,0.35,165.08
sHK0011418sN019266407,1440,404.64,0.28,0.35,103.16
sHK0011418sN019266413,1344,408.576,0.30,0.35,60.95
sHK0011418sN019266416,3514,989.89056,0.28,0.35,232.73
sHK0011418sN019266430,2851,806.60448,0.28,0.31,87.30
sHK0011418sN019266441,5875,1547.892,0.26,0.36,577.33
sHK0011418sN019266443,1397,394.73568,0.28,0.34,82.27
sHK0011418sN019266445,10138,2725.95264,0.27,0.43,1630.60
sHK0011418sN019266448,9338,3615.09952,0.39,0.55,1564.93
sHK0011418sN019266450,816,362.1408,0.44,0.32,-97.16
sHK0011418sN019266451,2664,758.84688,0.28,0.34,144.83
sHK0011418sN019266452,2506,714.24,0.29,0.32,93.38
sHK0011418sN019266454,2477,706.4928,0.29,0.34,141.77
sHK0011418sN019266455,9893,2646.96768,0.27,0.35,860.19
sHK0011418sN019266456,1123,321.12288,0.29,0.37,91.82
sHK0011418sN019266457,1152,328.32,0.29,0.31,34.28
sHK0011418sN019266458,5774,1652.30064,0.29,0.32,223.65
sHK0011418sN019266459,9677,2598.12576,0.27,0.33,604.15
sHK0011418sN019266464,13781,3707.6256,0.27,0.35,1152.61
sHK0011418sN019266465,175478,50315.50368,0.29,0.52,40293.07
sHK0011418sN019266467,14157,6526.68608,0.46,0.49,344.77
sHK0011418sN019266470,5376,2138.864,0.40,0.30,-528.85
sHK0011418sN019266473,15653,4223.16864,0.27,0.35,1233.42
sHK0011418sN019266475,2406,748.99456,0.31,0.36,111.87
sHK0011418sN019266481,1478,426.5184,0.29,0.36,109.77
sHK0011418sN019266617,3845,1115.74944,0.29,0.31,88.43
sHK0011418sN019266618,197031,50170.38252,0.25,0.32,13240.65
sHK0011418sN019266619,204052,52119.38332,0.26,0.28,5919.39
sHK0011418sN019266620,189930,48668.49156,0.26,0.37,22183.42
sHK0011418sN019266622,4061,1251.94464,0.31,0.28,-96.47
sHK0011418sN019266623,175527,45404.80456,0.26,0.29,4674.25
sHK0011418sN019266624,177224,45966.61492,0.26,0.34,13955.88
sHK0011418sN019266667,165695,43095.49972,0.26,0.33,11663.10
sHK0011418sN019266668,24019,6614.86176,0.28,0.31,801.97
sHK0011418sN019266669,3586,988.56144,0.28,0.37,321.32
sHK0011418sN019266672,9518,2804.22576,0.29,0.33,298.22
sHK0011418sN019266673,6394,1766.05056,0.28,0.38,649.81
sHK0011418sN019266674,1238,365.57568,0.30,0.34,53.74
sHK0011418sN019266675,30187,8736.08736,0.29,0.34,1440.49
sHK0011418sN019266676,428525,115569.8822,0.27,0.44,73920.92
sHK0011418sN019266677,14707,5655.15264,0.38,0.52,2014.18
sHK0011418sN019266678,8307,3384.3264,0.41,0.36,-368.07
sHK0011418sN019266679,4032,1126.1376,0.28,0.32,171.02
sHK0011418sN019266681,134078,36555.1128,0.27,0.37,13172.42
sHK0011418sN019266682,2736,818.3376,0.30,0.32,54.98
sHK0011418sN019266685,39034,10929.22752,0.28,0.47,7488.45
sHK0011418sN019266687,5933,2434.21056,0.41,0.36,-310.98
sHK0011418sN019266688,62170,18696.88896,0.30,0.33,1886.17
sHK0011418sN019266689,62770,17463.61728,0.28,0.52,15401.41
sHK0011418sN019266692,3722,1571.75928,0.42,0.33,-331.49
sHK0011418sN019266694,1181,357.66432,0.30,0.36,65.32
sHK0011418sN019266695,2650,753.28128,0.28,0.38,246.07
sHK0011418sN019266696,8899,2706.86448,0.30,0.38,696.56
sHK0011418sN019266701,5861,1778.89824,0.30,0.39,509.75
sHK0011418sN019266702,4368,1409.67456,0.32,0.41,369.49
sHK0011418sN019266703,12797,4136.80896,0.32,0.34,273.80
sHK0011418sN019266715,8928,2723.16096,0.31,0.34,330.64
sHK0011418sN019266716,55296,15253.0944,0.28,0.33,2971.03
sHK0011418sN019266718,28570,8259.47136,0.29,0.33,1159.58
sHK0011418sN019266719,30106,8706.53952,0.29,0.34,1483.63
sHK0011418sN019266725,23040,6665.472,0.29,0.31,548.14
sHK0011418sN019266726,47002,12796.32384,0.27,0.32,2439.53
sHK0011418sN019266727,27034,7363.95264,0.27,0.32,1256.52
sHK0011418sN019266735,48538,13228.76928,0.27,0.31,1860.50
sHK0011418sN019266741,27341,7455.83616,0.27,0.33,1494.45
sHK0011418sN019266744,21504,5866.2912,0.27,0.34,1351.89
sHK0011418sN019266746,29491,8048.14848,0.27,0.36,2649.99
sHK0011418sN019266749,18288,5265.1584,0.29,0.36,1249.55
sHK0011418sN019266750,9259,2843.43984,0.31,0.39,774.46
sHK0011418sN019266752,7934,2441.1456,0.31,0.42,880.39
sHK0011418sN019266753,14352,4693.82976,0.33,0.38,807.99
sHK0011418sN019266754,6163,2019.36192,0.33,0.34,92.59
sHK0011418sN019266755,1080,313.632,0.29,0.54,266.46
sHK0011418sN019266756,1536,676.24192,0.44,0.38,-93.25
sHK0011418sN019266758,6586,1999.67904,0.30,0.32,112.23
sHK0011418sN019266759,16517,4815.18576,0.29,0.36,1138.16
sHK0011418sN019266762,9259,2877.07104,0.31,0.37,522.53
sHK0011418sN019266763,5083,1581.64848,0.31,0.34,159.28
sHK0011418sN019266764,89616,26232.75936,0.29,0.40,9214.10
sHK0011418sN019266765,6394,1991.28768,0.31,0.37,365.59
sHK0011418sN019266766,12643,3949.72128,0.31,0.37,702.95
sHK0011418sN019266767,5030,1667.72736,0.33,0.36,144.06
sHK0011418sN019266768,16315,5109.7536,0.31,0.36,835.05
sHK0011418sN019266770,10368,3046.6224,0.29,0.36,730.36
sHK0011418sN019266771,6869,2157.1128,0.31,0.38,463.89
sHK0011418sN019266772,4018,1188.40176,0.30,0.34,165.03
sHK0011418sN019266773,190195,54298.35264,0.29,0.36,13529.41
sHK0011418sN019266774,8971,2831.26176,0.32,0.37,522.25
sHK0011418sN019266775,223750,65858.13488,0.29,0.41,24918.04
sHK0011418sN019266776,9000,2852.59824,0.32,0.53,1952.28
sHK0011418sN019266777,922,393.61536,0.43,0.35,-68.85
sHK0011418sN019266779,276970,80002.24416,0.29,0.44,41920.72
sHK0011418sN019266780,187738,75129.75552,0.40,0.37,-6010.96
sHK0011418sN019266781,101837,29756.30976,0.29,0.38,8881.76
sHK0011418sN019266782,55958,17546.5056,0.31,0.35,2008.00
sHK0011418sN019266783,110717,34855.5552,0.31,0.37,5912.23
sHK0011418sN019266785,1865088,545044.9824,0.29,0.36,121701.56
sHK0011418sN019266786,61459,19443.29664,0.32,0.37,3012.14
sHK0011418sN019266787,147528,44182.38528,0.30,0.33,4996.84
sHK0011418sN019266788,103781,31167.45216,0.30,0.37,7145.17
sHK0011418sN019266833,154022,47781.72576,0.31,0.34,4646.13
sHK0011418sN019266843,5155,1580.88672,0.31,0.37,315.57
sHK0011418sN019266845,2318,754.75872,0.33,0.39,151.49
sHK0011418sN019266861,2592,844.33248,0.33,0.38,152.45
sHK0011418sN019266863,1022,333.20016,0.33,0.40,73.49
sHK0011418sN019266864,2203,718.34976,0.33,0.37,101.47
sHK0011418sN019266869,7589,2477.04768,0.33,0.38,374.54
sHK0011418sN019266875,2174,710.48592,0.33,0.52,424.73
sHK0011418sN019266879,5651,2588.0672,0.46,0.37,-523.27
sHK0011418sN019266881,29952,9353.54304,0.31,0.55,7208.93
sHK0011418sN019266882,10227,4488.33792,0.44,0.38,-650.75
sHK0011418sN019266885,64541,19689.31872,0.31,0.43,7870.21
sHK0011418sN019266886,14414,4771.3824,0.33,0.39,896.31
sHK0011418sN019266887,73368,22362.82992,0.30,0.35,2961.59
sHK0011418sN019266894,72072,22015.11744,0.31,0.40,6549.61
sHK0011418sN019266895,9835,3275.66736,0.33,0.37,360.07
sHK0011418sN019266896,16954,5646.08832,0.33,0.38,831.74
sHK0011418sN019266897,21312,6674.70336,0.31,0.39,1732.33
sHK0011418sN019266898,1325,442.88064,0.33,0.39,74.63
sHK0011418sN019266899,75487,23780.35992,0.32,0.38,4812.38
sHK0011418sN019266900,1008,337.8816,0.34,0.41,74.77
sHK0011418sN019266901,11318,3797.964,0.34,0.43,1027.52
sHK0011418sN019266907,18182,6103.84704,0.34,0.35,202.72
sHK0011418sN019372873,1381363,424005.2798,0.31,0.34,38951.25
sHK0011418sN019373000,121450,37003.02,0.30,0.37,8260.16
sHK0011418sN019374141,382980,124115.443,0.32,0.34,7506.93
sHK0011418sN019374561,129300,40034.016,0.31,0.40,11880.53
sHK0011418sN019374604,2730,876.886,0.32,0.40,210.45
sHK0011418sN019375800,233610,71572.692,0.31,0.36,11609.86
sHK0011418sN019376296,691000,221664.365,0.32,0.39,49501.63
sHK0011418sN019376502,972000,302728.218,0.31,0.39,80047.16
sHK0011418sN019376550,5367930,1664488.71,0.31,0.34,172004.47
sHK0011418sN019376552,581750,177705.49,0.31,0.37,36864.32
sHK0011418sN019376558,2286570,720826.707,0.32,0.34,63922.66
sHK0011418sN019376562,2680200,836220.845,0.31,0.42,288793.11
sHK0011418sN019603883,8000,2686.4,0.34,0.75,3275.99
sHK0011418sN019603979,3211346,1884575.901,0.59,0.70,359855.38
sHK0011418sN0196039K9,291121,173902.8269,0.60,0.50,-29545.64
sHK0011418sN0196039L0,311045,132962.7905,0.43,0.50,21382.23
sHK0011418sN0196039L3,12565354,5375098.141,0.43,0.50,913791.52
sHK0011418sN0196039L4,221321,97166.51808,0.44,0.53,20492.29
sHK0011418sN0196039L8,1138289,491982.3871,0.43,0.55,133436.47
sHK0011418sN0196039P3,105754,46115.09688,0.44,0.56,13202.54
sHK0011418sN0196039P7,221866,99556.27776,0.45,0.55,22398.96
sHK0011418sN0196039Q5,528626,238176.8302,0.45,0.58,66418.76
sHK0011418sN0196039Q6,1400,666.68,0.48,0.82,475.08
sHK0011418sN0196039Q9,189325,118771.1719,0.63,0.46,-31986.68
sHK0011418sN0196039S0,35200,12805.76,0.36,0.60,8344.50
sHK0011418sN0196039S1,6262,2894.10984,0.46,0.57,688.10
sHK0011418sN0196039S2,71952,31909.40376,0.44,0.54,6751.40
sHK0011418sN0196039S3,21624,9602.376,0.44,0.71,5777.17
sHK0011418sN0196039S4,26258,16674.69,0.64,0.53,-2778.58
sHK0011418sN0196039S5,1661669,751594.5737,0.45,0.72,451337.32
sHK0011418sN0196039S9,1037,636.0768,0.61,0.77,159.41
sHK0011418sN0196039T1,2208,1423.6056,0.64,0.65,18.56
sHK0011418sN0196039T5,11076,5881.59192,0.53,0.58,544.66
sHK0011418sN0196039T7,3504,1639.5216,0.47,0.55,287.43
sHK0011418sN0196039V8,297857,135371.7787,0.45,0.80,103424.02
sHK0011418sN0196039W2,11686,7679.10048,0.66,0.57,-1033.32
sHK0011418sN019690143,3768,1913.3208,0.51,0.38,-485.19
sHK0011418sN01PKARG13004A,4762560,1640986.332,0.34,0.70,1677877.26
sHK0011418sN01PKARG13008A,401690,235230.159,0.59,0.58,-2807.50
sHK0011418sN01PKARG13009A,4950,2255.22,0.46,0.87,2042.92
sHK0011418sN01PKARG15002A,35448,24428.4576,0.69,0.50,-6740.90
sHK0011418sN01PKARG15004A,2430,939.924,0.39,0.40,40.98
sHK0011418sN01PKARG16001A,11700,4254.83,0.36,0.47,1281.20
sHK0011418sN01PKARG21001A,390420,146613.623,0.38,0.72,134623.89
sHK0011418sN01PKARG31001A,412550,245602.291,0.60,0.44,-63952.62
sHK0011418sN01PKARG55003A,160500,63097.92,0.39,0.45,9037.36
sHK0011418sN01PKARG55036A,92520,33806.73024,0.37,0.43,6153.02
sHK0011418sN01PKARG55038A,45504,16655.3856,0.37,0.46,4243.57
sHK0011418sN01PKARG55040A,6653,2567.63088,0.39,0.48,617.89
sHK0011418sN01PKARG55042A,14774,5705.10432,0.39,0.48,1315.92
sHK0011418sN01PKARG55044A,10195,3938.95872,0.39,0.47,849.73
sHK0011418sN01PKARG55045A,13277,4871.9664,0.37,0.46,1186.32
sHK0011418sN01PKARG55047A,8165,3157.32816,0.39,0.44,463.31
sHK0011418sN01PKARG55049A,5760,2301.12,0.40,0.48,441.31
sHK0011418sN01PKARG55051A,22349,8185.10976,0.37,0.44,1689.36
sHK0011418sN01PKFRT13003A,40954,15872.54976,0.39,0.61,9165.46
sHK0011418sN01PKFRT13008A,5580,2729.178,0.49,0.55,320.18
sHK0011418sN01PKFRT13009A,4700,2140.38,0.46,0.78,1542.57
sHK0011418sN01PKFRT15003A,4150,2665.545,0.64,0.45,-813.16
sHK0011418sN01PKFRT18001A,278620,98701.906,0.35,0.46,28304.23
sHK0011418sN01PKFRT51002A,3800,1574.72,0.41,0.41,-29.60
sHK0011418sN01PKFRT51005A,25620,9218.928,0.36,0.50,3480.59
sHK0011418sN01PKFRT51013A,16140,6154.152,0.38,0.46,1349.92
sHK0011418sN01PKFRT51021A,43260,15591.585,0.36,0.44,3425.55
sHK0011418sN01PKFRT55002A,26760,9803.1,0.37,0.47,2676.14
sHK0011418sN01PKFRT55014A,48845,17935.62624,0.37,0.43,2884.90
sHK0011418sN01PKFRT55035A,24653,9059.02848,0.37,0.43,1545.16
sHK0011418sN01PKFRT55040A,24134,8872.8192,0.37,0.49,2941.28
sHK0011418sN01PKNE115009A,15898,6176.25216,0.39,0.43,657.30
sHK0011418sN01PKVNA11002A,768050,275120.68,0.36,4.31,3031907.54
sHK0011418sN01PKZ4G15002A,740,2611.682,3.53,0.45,-2275.12
sHK0011418sN01PKZ4G15003A,309150,111590.778,0.36,0.48,35852.40
sHK0011418sN01PKZ4G15006A,24470,9262.3,0.38,0.42,1056.37
sHK0011423sN01S098509P000,53000,19778.22,0.37,0.90,28108.96
sHK0011423sN01S09B8622000,75600,53785.04,0.71,0.78,4864.57
sHK0011423sN01S09B8672000,108000,64450.125,0.60,0.73,13904.19
sHK0011423sN01S09B8674000,289000,185548.965,0.64,0.76,35516.04
sHK0011423sN01SF1X98670A6,305000,194419.915,0.64,0.53,-31492.88
sHK0011423sN01SF1X98690A6,111400,47606.745,0.43,0.52,10487.72
sHK0011423sN01SF1XB9890A6,154400,63400.57,0.41,0.47,8625.74
sHK0011423sN01SF2398960A6,76550,32171.115,0.42,0.49,5404.55
sHK0011423sN01SF2X88090A6,132050,55400.55,0.42,0.46,5788.66
sHK0011439sN014852388,78500,33068.415,0.42,2.05,128229.16
sHK0011439sN014852391,24948700,43443428.78,1.74,3.36,40499416.97
sHK0011439sN014852394,109900,286644.59,2.61,2.95,37386.97
sHK0011439sN014852399,559800,1447830.32,2.59,3.13,304862.74
sHK0011439sN01SLPCBG11X00,89700,234036.81,2.61,3.67,95120.21
sHK0011439sN01SLTD4990X00,1881,5566.4433,2.96,3.16,372.58
sHK0011439sN01SLTQTB4DX00,40000,104376,2.61,7.30,187654.20
sHK0011471sN01SE06010DCX0,1620,9168.39,5.66,0.46,-8428.92
sJP0010130sN0106941S5,2796160,1100296.576,0.39,1.05,1832427.98
sSG0000002sN0106941S5,5818656,5400742.81,0.93,1.06,760500.47
sSG0000002sN015400594,967900,899024.058,0.93,0.47,-442549.47
sSG0000002sN015400686,818846,308942.9828,0.38,0.45,60322.04
sSG0000002sN015420105,7375140,2996285.748,0.41,0.50,664654.39
sSG0000002sN015469980,2542500,978348.56,0.38,0.53,368636.83
sSG0000002sN0154699B5,1116195,496929.5687,0.45,0.50,57387.00
sSG0000002sN0154699C4,9267828,3652795.89,0.39,0.52,1186047.98
sSG0000002sN015469D58,16422245,6698633.15,0.41,0.52,1874743.45
sSG0000002sN015469G55,2238550,982062.707,0.44,0.58,305283.99
sSG0000002sN015469G63,7155600,3214880.32,0.45,0.45,36681.50
sSG0000002sN01730670,282900,113762.85,0.40,1.02,173799.67
sSG0000002sN01MEARG40003A,291960,233678.6136,0.80,0.64,-47269.12
sSG0000002sN01MED1C49002A,213100,106296.3,0.50,0.49,-1162.78
sSG0000002sN01MEFRT40001A,79050,31706.955,0.40,0.63,18409.48
sSG0000002sN01MENE149001A,77400,38638.08,0.50,0.53,2326.84
sSG0000002sN01MENF249001A,281650,116458.43,0.41,0.48,19941.18
sSG0000002sN01PKD1C030010,146200,59002.375,0.40,1.07,97351.09
sSG0000002sN01PKD1C05001A,123900,116232.235,0.94,1.04,12782.50
sSG0000002sN01PKFRT05001A,72780,65899.51656,0.91,0.89,-1049.21
sSG0000002sN01SN0C1001040,7017,5632.854,0.80,0.44,-2515.50
sSG0000002sN01SN0F0207040,531900,210982.83,0.40,0.48,46394.01
ssG0000015sN012351317,207500,81630.5,0.39,4.61,874377.94
ssG0000015sN012351339,928800,3450993.552,3.72,4.46,693586.97
ssG0000015sN012351369,1488240,5534139.499,3.72,4.54,1215204.81
ssG0000015sN012351373,14162000,52644544.22,3.72,4.76,14784340.59
ssG0000015sN012351559,680000,2529416.4,3.72,4.43,480435.37
ssG0000015sN014110187,6931200,25780875.65,3.72,0.49,-22394118.05
ssG0000015sN014110189,407400,159252.66,0.39,0.45,22453.25
ssG0000015sN014129122,666000,251733.06,0.38,0.45,47459.90
ssG0000015sN014210286,1775950,681902.085,0.38,0.47,152202.84
ssG0000015sN014858704,576480,231413.31,0.40,1.70,748376.96
ssG0000015sN014858707,223430,294374.7623,1.32,1.06,-58120.06
ssG0000015sN014858710,751599,709589.7924,0.94,1.61,500418.81
ssG0000015sN01PKFRT02002E,40,53.166684,1.32,1.64,13.05
ssG0000015sN01SC222G045B0,26207,34184.51515,1.30,4.12,73840.13
ssG0000015sN01SD1M40020A0,5624000,21074477.76,3.75,0.42,-18694504.79
ssG0000015sN01SG15311X490,658950,253504.977,0.38,0.45,39944.29
ssG0000015sN01SG15641D080,9959200,3823376.23,0.38,0.47,871804.69
ssG001001898570D4,499230,202894.635,0.41,#DIV/0!,#DIV/0!
ssG001001898570J0,0,0,#DIV/0!,#DIV/0!,#DIV/0!
ssG001001898570J4,0,0,#DIV/0!,#DIV/0!,#DIV/0!
ssG001001898570J8,0,0,#DIV/0!,#DIV/0!,#DIV/0!
ssG001001898570K0,0,0,#DIV/0!,#DIV/0!,#DIV/0!
ssG001001898570K1,0,0,#DIV/0!,#DIV/0!,#DIV/0!
ssG001001898570K3,0,0,#DIV/0!,#DIV/0!,#DIV/0!
ssG001001898570K4,0,0,#DIV/0!,#DIV/0!,#DIV/0!
ssG001001898570K6,0,0,#DIV/0!,#DIV/0!,#DIV/0!
ssG001001898570K9,0,0,#DIV/0!,#DIV/0!,#DIV/0!
ssG001001898570L0,0,0,#DIV/0!,#DIV/0!,#DIV/0!
ssG0010018sN0198570G8,0,0,#DIV/0!,1.57,#DIV/0!
ssG0010018sN0198570K1,25653,32804.64476,1.28,0.88,-10107.92
ssG0010018sN0198570K3,43456,31514.52263,0.73,1.88,50310.25
ssG0010018sN0198570K4,18503,26800.32422,1.45,1.67,4140.78
ssG0010018sN0198570L8,3,3.8066,1.36,1.65,0.82
ssG0010018sN01SB0ARGDXG0B,608169,772252.6368,1.27,1.34,42006.22
ssG0010018sN01SB0ARGMXG0B,38800,39960.12,1.03,1.54,19906.33
ssG0010018sN01SB0FRT1XG0A,57050,79302.055,1.39,1.92,30178.00
ssG0010018sN01SB0FRTABG0B,24237,38758.68875,1.60,0.84,-18325.32
ssG0010026sN014858665,8400,5711.19,0.68,1.79,9335.40
ssG0010026sN014858677,439740,673238.568,1.53,1.99,202493.52
ssG0010026sN014858708,616320,944143.92,1.53,1.18,-214640.15
sSG0010120sN01SA0210100A1,3191760,3174713.568,0.99,0.73,-848810.48
sSG0010120sN01SA0296500A1,220920,126763.056,0.57,1.87,286878.15
sSG0010120sN01SA047WLN0A0,204740,330471.086,1.61,1.31,-61303.51
sSG0010120sN01SA0M89090A0,222300,263291.308,1.18,1.36,38104.70
sSG0010120sN01SA0MSM890A0,133320,144605.004,1.08,4.42,444977.10
sSG0010338sN012320121,68040,248672.592,3.65,0.49,-215384.20
sSG0010338sN012320522,259200,99852.696,0.39,0.47,21183.47
sSG0010338sN012322009,529000,204150.51,0.39,0.42,20453.49
sSG0010338sN012322013,21427200,8270553.036,0.39,0.50,2498557.85
sSG0010338sN012322017,32463000,12550462.34,0.39,0.49,3290363.69
sSG0010338sN012322021,14382000,5569778.34,0.39,0.44,791467.89
sSG0010338sN012322025,40941450,15884783.16,0.39,0.47,3534012.94
sSG0010338sN012322029,5230500,2033491.95,0.39,0.47,428051.60
sSG0010338sN012351009,47171850,18346864.59,0.39,0.50,5170167.63
sSG0010338sN012351017,186949500,72813841.4,0.39,0.46,13184129.53
sSG0010338sN012351025,6216000,2423220.28,0.39,0.49,614279.79
sSG0010338sN012351106,1955000,764261.6,0.39,0.43,81286.77
sSG0010338sN012351107,14192000,5580108.13,0.39,0.51,1632024.53
sSG0010338sN012351109,1930000,754456.25,0.39,0.45,121069.92
sSG0010338sN012351117,3948000,1557367.56,0.39,0.47,311994.65
sSG0010338sN012351135,1810900,714544.922,0.39,0.46,116621.24
sSG0010338sN012351160,6329500,2483001.185,0.39,0.45,353475.10
sSG0010338sN012351171,6301200,2477012.316,0.39,0.48,574151.62
sSG0010338sN012351178,10648000,4226204.32,0.40,0.51,1226732.31
sSG0010338sN012351257,348750,137383.0875,0.39,0.45,19353.49
sSG0010338sN012351268,59251500,23358805.47,0.39,0.50,6331837.48
sSG0010338sN012351269,20747000,8186001.86,0.39,0.48,1742975.65
sSG0010338sN012351273,14999600,5982017.12,0.40,0.46,897309.46
sSG0010338sN012351280,10173600,4022378.352,0.40,0.50,1065195.92
sSG0010338sN012351305,8283200,3287484.448,0.40,0.48,679689.58
sSG0010338sN012351311,3213000,1271769.66,0.40,0.44,126156.89
sSG0010338sN012351314,13804000,5459915.16,0.40,0.45,719701.45
sSG0010338sN012351317,54274800,21501876.81,0.40,0.50,5857610.91
sSG0010338sN012351327,12029100,4774623.64,0.40,0.45,672836.03
sSG0010338sN012351339,2385300,947543.256,0.40,0.49,225789.63
sSG0010338sN012351355,783840,313473.2928,0.40,0.45,39691.29
sSG0010338sN012351373,524700,211077.9,0.40,0.51,56883.83
sSG0010338sN012351401,45974800,18343051.78,0.40,0.45,2139808.90
sSG0010338sN012351439,17452960,7005140.932,0.40,0.48,1305168.00
sSG0010338sN012351496,264600,105874.398,0.40,0.52,30914.75
sSG0010338sN012351497,3798400,1522203.712,0.40,0.53,501878.59
sSG0010338sN012351500,19792920,8370796.712,0.42,0.45,617203.89
sSG0010338sN012351502,1380300,554687.358,0.40,0.46,77039.57
sSG0010338sN012351509,989250,397152.3225,0.40,0.49,84233.80
sSG0010338sN012351516,18969150,7628690.652,0.40,0.50,1917084.30
sSG0010338sN012351526,12542100,5049211.548,0.40,0.47,870775.05
sSG0010338sN012351535,524850,211738.4865,0.40,0.52,63642.29
sSG0010338sN012351536,522450,210862.7205,0.40,0.45,21815.32
sSG0010338sN012351539,2334600,945214.692,0.40,0.51,244625.29
sSG0010338sN012351541,1530500,619068.73,0.40,0.48,122338.54
sSG0010338sN013200013,456500,189007.235,0.41,0.52,48092.29
sSG0010338sN013200024,244800,99332.496,0.41,0.48,17101.34
sSG0010338sN013203855,160050,65063.526,0.41,0.45,7003.97
sSG0010338sN013640428,15087500,6120375.475,0.41,0.46,787143.70
sSG0010338sN013640523,3190600,1315994.876,0.41,0.49,242423.73
sSG0010338sN013640533,6163350,2508692.018,0.41,0.48,427820.07
sSG0010338sN013640869,50400,20523.888,0.41,0.53,6410.29
sSG0010338sN013646091,7531200,3119950.224,0.41,0.51,743812.94
sSG0010338sN013648989,1036600,422072.422,0.41,0.48,70767.36
sSG0010338sN015420044,1067700,441413.852,0.41,0.47,61842.99
sSG0010338sN01S0900897000,2215300,949249.34,0.43,0.77,759707.24
sSG0010338sN01S09EY1G9000,69300,46086.5,0.67,0.59,-5529.25
sSG0010338sN01S09EY836000,65000,33964.92,0.52,0.64,7804.71
sSG0010338sN01S09SAYEY000,73400,36849.65,0.50,0.95,32646.98
sSG0010338sN01S09Y2G53000,72250,53864.4,0.75,0.96,15534.24
sSG0010338sN01SC201F024A0,76750,62475.465,0.81,0.53,-21860.55
sSG0010338sN01SC201F025B4,14909100,6116019.477,0.41,0.51,1501720.94
sSG0010338sN01SC201F044A1,133050,60697.611,0.46,0.45,-541.73
sSG0010338sN01SC201F045A2,601100,247068.43,0.41,0.46,27521.57
sSG0010338sN01SC201G024A0,234800,96630.25,0.41,0.53,28041.62
sSG0010338sN01SC210F044B1,585600,241035.912,0.41,0.50,52024.04
sSG0010338sN01SC210F045B1,1701000,703516.59,0.41,0.50,140089.72
sSG0010338sN01SC210F064B2,370100,154243.77,0.42,0.46,14461.60
sSG0010338sN01SC210H025A0,6580440,2726917.872,0.41,0.54,803877.10
sSG0010338sN01SC222F064B4,4087800,1687189.458,0.41,0.50,341785.98
sSG0010338sN01SC222F065B0,12155040,5069867.184,0.42,0.52,1237575.04
sSG0010338sN01SC222G044A6,683720,286123.4728,0.42,0.53,74876.88
sSG0010338sN01SC222H024B0,122800,51053.32,0.42,0.51,12014.41
sSG0010338sN01SC233H024B0,141750,58709.7525,0.41,0.49,10298.69
sSG0010338sN01SC247F084B2,86550,36639.405,0.42,0.48,4829.82
sSG0010338sN01SC247H021B1,1773780,758823.084,0.43,0.47,81483.89
sSG0010338sN01SC247H045A0,75150,31229.307,0.42,0.50,6354.19
sSG0010338sN01SC301I027A0,38900,16212,0.42,0.48,2367.19
sSG0010338sN01SC310I024A0,221100,91826.517,0.42,0.49,15798.12
sSG0010338sN01SC310K026A0,222150,92423.7105,0.42,0.52,22302.04
sSG0010338sN01SC310L02950,351600,146433.948,0.42,0.48,23569.42
sSG0010338sN01SC318L02950,1001700,417530.643,0.42,0.47,54741.11
sSG0010338sN01SC327L02750,114900,47939.763,0.42,0.54,14404.17
sSG0010338sN01SC347I047A0,181350,75691.7235,0.42,0.54,22116.27
sSG0010338sN01SC347J025A0,82900,34659.445,0.42,0.51,7625.53
sSG0010338sN01SC382M02730,81600,34116.294,0.42,0.47,4493.89
sSG0010338sN01SC501L02703,147300,61678.821,0.42,0.50,12414.91
sSG0010338sN01SC505M02702,134100,56211.642,0.42,0.50,11442.87
sSG0010338sN01SC507M029H0,211500,88919.52,0.42,0.51,18558.24
sSG0010338sN01SC509M02700,268950,114850.4865,0.43,0.50,19916.38
sSG0010338sN01SC510K02758,1512000,636672.96,0.42,0.52,144784.29
sSG0010338sN01SC512L02755,360150,151332.3375,0.42,0.55,45600.15
sSG0010338sN01SC512M02702,72600,30537.06,0.42,0.53,7998.86
sSG0010338sN01SC515M02900,74850,31531.917,0.42,0.52,7415.88
sSG0010338sN01SC518M02713,76500,32628.165,0.43,0.52,7082.15
sSG0010338sN01SC522L02450,147000,62037.48,0.42,0.50,11323.53
sSG0010338sN01SC522M02911,156450,66167.0115,0.42,0.48,8581.38
sSG0010338sN01SC524M02712,144000,60885,0.42,0.55,18323.68
sSG0010338sN01SC527M02714,6879600,2910919.032,0.42,0.48,409122.92
sSG0010338sN01SC533L02951,283800,120140.082,0.42,0.54,32534.39
sSG0010338sN01SC533M02713,2186400,926147.025,0.42,0.54,251569.07
sSG0010338sN01SC539M02901,300900,127623.15,0.42,0.47,14384.67
sSG0010338sN01SC543M02900,150000,63776.16,0.43,0.50,11484.68
sSG0010338sN01SC547L02952,73800,31648.149,0.43,0.54,7912.45
sSG0010338sN01SC547M02901,76950,32737.4265,0.43,0.50,5598.82
sSG0010338sN01SC556M02712,760500,326619.54,0.43,0.47,32853.51
sSG0010338sN01SC591M027H0,277200,118042.218,0.43,0.49,17169.06
sSG0010338sN01SF0X806M0A1,81000,34657.71,0.43,0.63,15971.90
sSG0010338sN01SF0XB2G60A1,75550,37478.61,0.50,0.62,9196.65
sSG0010338sN01SF16G45M151,75450,38523.535,0.51,0.63,8839.50
sSG0010338sN01SF1X00590A1,66250,35851.57,0.54,0.70,10609.96
sSG0010338sN01SF1X2G350A1,241400,153904.82,0.64,0.54,-24737.86
sSG0010338sN01SF1X35MF151,247000,120148.52,0.49,0.72,57581.38
sSG0010338sN01SF1XAA3F0A1,255750,141558.46,0.55,0.60,10626.10
sSG0010338sN01SF1XB8060A1,264500,138062.51,0.52,0.54,4445.86
sSG0010338sN01SF241G960A1,760000,362368,0.48,0.59,86957.36
sSG0010338sN01SF2X2G350A1,77600,37605.315,0.48,0.60,8626.24
sSG0010338sN01SI112J10761,72650,35770.665,0.49,0.56,4736.64
sSG0010338sN01SI118I10251,2112000,912855.36,0.43,0.52,183094.45
sSG0010338sN01SI118J10761,415650,179739.402,0.43,0.53,41330.67
sSG0010338sN01SI122I10151,145950,63110.4315,0.43,0.53,14607.52
sSG0010338sN01SI127J11661,1239300,536523.264,0.43,0.52,103734.83
sSG0010338sN01SI130J11661,438600,190414.62,0.43,0.50,30050.68
sSG0010338sN01SI133J11661,1663200,720705.951,0.43,0.53,160223.72
sSG0010338sN01SI162J10551,313200,135974.88,0.43,0.52,25594.45
sSG0010338sN01SI182J10351,1242000,538408.38,0.43,0.48,54422.62
sSG0010338sN01SI191J10351,1968000,853968.24,0.43,0.54,213985.97
sSG0010338sN01SI201FX39B1,765600,332368.188,0.43,0.53,76762.34
sSG0010338sN01SI210H30381,75900,36214.602,0.48,0.53,3970.21
sSG0010338sN01SI210I10251,71920,31998.004,0.44,0.54,6494.19
sSG0010338sN01SI212H10051,2907000,1264919.49,0.44,0.51,231470.24
sSG0010338sN01SI214J11701,638400,278490.612,0.44,0.48,27825.34
sSG0010338sN01SI215J11701,2091150,912156.258,0.44,0.52,173324.87
sSG0010338sN01SI227H20151,1076250,469465.08,0.44,0.56,137130.03
sSG0010338sN01SI231J11601,701800,306626.296,0.44,0.50,43215.94
sSG0010338sN01SI232J11601,408000,178407.945,0.44,0.56,48392.00
sSG0010338sN01SI233I10151,921600,403386.66,0.44,0.48,40695.36
sSG0010338sN01SI236J11601,519000,227350.23,0.44,0.52,40889.39
sSG0010338sN01SI243J20861,245700,107616.465,0.44,0.53,21764.70
sSG0010338sN01SI247J10451,430000,191890,0.45,0.53,34291.72
sSG0010338sN01SI256I10151,567000,248536.89,0.44,0.50,37321.15
sSG0010338sN01SI256J10491,144000,63129.45,0.44,0.52,11449.77
sSG0010338sN01SI268I30781,722100,316935.345,0.44,0.51,54613.13
sSG0010338sN01SI268J10351,141440,65564.296,0.46,0.55,12294.30
sSG0010338sN01SI275J10591,3499200,1540966.035,0.44,0.55,382911.35
sSG0010338sN01SI282I20251,1361400,598803.537,0.44,0.50,78970.52
sSG0010338sN01SI4102101D1,328000,144508.9,0.44,0.55,35344.06
sSG0010338sN01SI4241113D1,1016850,457025.895,0.45,0.54,89278.19
sSG0010338sN01SR210030231,31500,13871.655,0.44,0.55,3418.58
ssN0000005sN01,273900,122229.855,0.45,85044.82,23293655104.05
sTW0000012sN01MEFRT26002A,4,321955.4057,75932.88,0.63,-321952.74
sTW0000036sN015140148,42000,21160.44,0.50,0.85,14732.66
sTW0000036sN015140244,837478,611715.5021,0.73,0.71,-13420.62
sTW0000036sN015140626,1470415,954968.2085,0.65,0.97,475319.80
sTW0000036sN015140630,1717160,1294805.772,0.75,1.10,593374.84
sTW0000036sN015140632,248000,233076.555,0.94,0.83,-28206.28
sTW0000036sN015140633,124280,90855.258,0.73,0.95,27502.46
sTW0000036sN015140637,3035520,2258491.472,0.74,0.89,443452.99
sTW0000036sN01S0R00051010,773520,559770.174,0.72,0.85,94724.51
sTW0000036sN01S0S24112010,230350,151089.081,0.66,0.92,60294.93
sTW0010004sN01SF0X89GA0A0,202320,150944.616,0.75,0.56,-38472.73
sTW0010004sN01SF0XY9020A0,689200,333159.81,0.48,0.62,93206.60
sTW0010004sN01SF1X00AA0A0,140560,74321.352,0.53,0.57,5619.15
sTW0010004sN01SF1X836C0A0,194200,96040.96,0.49,0.60,21285.18
sTW0010004sN01SF1XG56B0A0,147280,78052.08,0.53,0.57,6541.90
sTW0010004sN01SF2XWG000A0,141200,68730.32,0.49,0.67,26363.68
sTW0010005sN0143474L5,209680,108625.576,0.52,1.03,107113.81
sTW0010071sN011820021,461400,392341.856,0.85,0.54,-144802.93
sTW0010071sN014110190,6230400,2832695.072,0.45,0.58,769163.38
sTW0010071sN01SI015G009BX,2912700,1336398.325,0.46,0.59,375914.35
sTW0010071sN01SI201F619BX,119370,57052.857,0.48,0.54,6858.01
sTW0010071sN01SI222GXA9BX,269700,126664.698,0.47,0.54,19059.95
sTW0010076sN019795660,378000,177601.248,0.47,5.02,1719700.82
sTW0010123sN01MEA6S22007A,1752768,7997908.478,4.56,0.55,-7035365.90
sTW0010123sN01MEARG21004A,2588920,1204847.652,0.47,0.57,271318.61
sTW0010123sN01MEND122010A,961780,453217.8604,0.47,0.58,107807.05
sTW0010170sN0198570K4,110100,51378.771,0.47,1.48,111611.58
sTW0010170sN0198570L8,862250,1029404.575,1.19,1.22,23495.21
sTW0010170sN0198570M5,2562124,2844207.239,1.11,1.36,642645.23
sTW0010170sN0198570N0,1033950,1162914.135,1.12,1.38,262379.74
sTW0010762sN019908013,700,748.02,1.07,1.06,-2.67
sTW0010762sN01MEARG14005A,41440,35584.11582,0.86,1.05,7733.80
sTW0010893sN01SA0MA253020,56600,50140.34,0.89,0.77,-6478.87
sTW0010970sN014530198,29400,18289.74,0.62,0.57,-1579.41
sTW0011011sN01S0MLR5H1000,5918520,2976955.362,0.50,0.71,1243356.24
sTW0011011sN01S0MU0442001,227430,141020.1945,0.62,0.68,14212.28
sTW0011025sN0143473M9,214662,133197.8793,0.62,1.37,161448.58
sTW0011025sN014377733,5588000,6039468.6,1.08,2.26,6595747.71
sTW0011025sN014377734,7604520,13433467.24,1.77,3.10,10117761.96
sTW0011025sN014377755,2367750,5819786.769,2.46,2.13,-775427.79
sTW0011025sN01SA06169V0A0,2385960,4579418.346,1.92,3.08,2757706.90
sTW0011025sN01SA06625L080,19530,48045.753,2.46,1.20,-24604.87
sTW0011025sN01SA0MT6730A0,19740,18954.348,0.96,4.05,60964.05
sTW0011025sN01SA0T6328010,18900,65399.67,3.46,2.18,-24272.44
sTW0011057sN011410116,18270,35816.508,1.96,0.53,-26222.39
sTW0011057sN011410117,3946800,1818053.952,0.46,0.52,237305.89
sTW0011057sN011410120,12100000,5576345.5,0.46,0.51,614741.11
sTW0011057sN011410129,27900,12860.6445,0.46,0.52,1678.17
sTW0011057sN011410133,1006300,464059.5565,0.46,0.52,55671.05
sTW0011057sN011410135,516000,237948.24,0.46,0.54,43018.56
sTW0011057sN011410136,248400,114623.822,0.46,0.54,20663.49
sTW0011057sN011410137,246000,113542.53,0.46,0.52,14788.33
sTW0011057sN011410138,2870400,1325134.512,0.46,0.60,398185.91
sTW0011057sN011410139,564000,260470.992,0.46,0.51,28714.41
sTW0011057sN011410155,285000,131649.48,0.46,0.54,23667.31
sTW0011057sN011410159,8900,4110.376,0.46,0.60,1236.44
sTW0011057sN011410160,8300,3835.6624,0.46,0.52,460.53
sTW0011057sN011410161,8200,3789.671,0.46,0.52,494.67
sTW0011057sN011410162,4900,2285.85,0.47,0.54,342.18
